MESSAGE,HEADER,9,h
FIELD,OFFSET,SIZE,TYPE
SequenceNumber,0,8,int64
MessageType,8,1,char

MESSAGE,ORDER_ADD,25,o
FIELD,OFFSET,SIZE,TYPE
InstrumentId,0,8,int64
OrderId,8,8,int64
OrderSize,16,4,int32
OrderPrice,20,4,int32
OrderSide,24,1,char

MESSAGE,ORDER_CANCEL,16,c
FIELD,OFFSET,SIZE,TYPE
InstrumentId,0,8,int64
OrderId,8,8,int64

MESSAGE,ORDER_MODIFY,25,m
FIELD,OFFSET,SIZE,TYPE
InstrumentId,0,8,int64
OrderId,8,8,int64
OrderSize,16,4,int32
OrderPrice,20,4,int32
OrderSide,24,1,char

MESSAGE,ORDER_EXECUTED,46,e
FIELD,OFFSET,SIZE,TYPE
InstrumentId,0,8,int64
OrderIdAggressor,8,8,int64
OrderIdPassive,16,8,int64
PriceAtTrade,24,4,int32
TradeSize,28,4,int32
MMTFlags,32,14,chararray

MESSAGE,ANNOUNCEMENT,258,a
FIELD,OFFSET,SIZE,TYPE
InstrumentId,0,8,int64
Announcement,8,250,chararray

